{"path": [{"start": [500.5467744251887, 500.7339466072877], "end": [502, 500]}, {"start": [502, 500], "end": [519, 483]}, {"start": [519, 483], "end": [520, 355]}, {"start": [520, 355], "end": [520, 482]}]}