{"path": [{"start": [586.0334812190587, 413.9572400490397], "end": [382.0, 619.0]}, {"start": [382.0, 619.0], "end": [383, 617]}, {"start": [383, 617], "end": [586, 414]}]}