{"path": [{"start": [338.7642288763021, 448.3401062730935], "end": [340, 447]}, {"start": [340, 447], "end": [432, 355]}, {"start": [432, 355], "end": [520, 355]}]}