{"y": 476.6862499040084, "x": 399.35239207514513, "rotation": 350.0}