{"x":482.4655572344589,"y":151.7200339332245,"rotation":7174.8740220242025}