{"x":422.93782121450187,"y":334.0425413057915,"rotation":7714.180760890632}