{"y": 448.3401062730935, "x": 338.7642288763021, "rotation": 315.0}