{"x":177.21039164746864,"y":192.44951513342474,"rotation":1224.1739373488138}