{"y": 378.05058306401867, "x": 511.9818900861424, "rotation": 108.6730477810695}