{"y": 861.3672099558181, "x": 254.90183535106058, "rotation": 298.75000000000017}