{"y":500.7339466072877,"x":500.5467744251887,"rotation":25.01343750000018}