{"y": 960.0019060230643, "x": 546.320184811498, "rotation": 490.0}