{"y": 913.9572400490397, "x": 586.0334812190587, "rotation": 162.5}