{"y": 500.0019060230643, "x": 546.320184811498, "rotation": 460.0}