{"Zoomba Name": "Frat Boy Zoomba", "acceleration": {"x": 198.0, "y": -314.0}, "visualDistance": 133.0439329147339, "destination": {"y": 789, "x": 994}, "actions": [], "radius": 5, "speed": {"x": 19.8, "y": -31.400000000000002}}