{"Zoomba Name": "Frat Boy Zoomba", "acceleration": {"x": 187.75, "y": 715.75}, "visualDistance": 183.14905166625977, "destination": {"y": 789, "x": 994}, "actions": [], "radius": 5, "speed": {"x": 750.9999999999994, "y": 2862.9999999999986}}